{"cameraMode":{"drawMode":0,"name":"Shaded","section":"Shading Mode"},"sceneLighting":true,"audioPlay":false,"sceneViewState":{"m_AlwaysRefresh":false,"showFog":true,"showSkybox":true,"showFlares":true,"showImageEffects":true,"showParticleSystems":true,"showVisualEffectGraphs":true,"m_FxEnabled":true},"in2DMode":false,"pivot":{"x":3.4298524856567385,"y":39.63761901855469,"z":55.74620819091797},"rotation":{"x":0.7039135694503784,"y":-0.0021308325231075289,"z":0.0021117539145052435,"w":0.7102780342102051},"size":75.13255310058594,"orthographic":true}