{"cameraMode":{"drawMode":0,"name":"Shaded","section":"Shading Mode"},"sceneLighting":true,"audioPlay":false,"sceneViewState":{"m_AlwaysRefresh":false,"showFog":true,"showSkybox":true,"showFlares":true,"showImageEffects":true,"showParticleSystems":true,"showVisualEffectGraphs":true,"m_FxEnabled":true},"in2DMode":false,"pivot":{"x":-22.993450164794923,"y":423.54473876953127,"z":53.83460998535156},"rotation":{"x":0.6877461075782776,"y":-0.004355595447123051,"z":0.0041265347972512249,"w":0.7259250283241272},"size":80.87751770019531,"orthographic":true}