{"cameraMode":{"drawMode":0,"name":"Shaded","section":"Shading Mode"},"sceneLighting":true,"audioPlay":false,"sceneViewState":{"m_AlwaysRefresh":false,"showFog":true,"showSkybox":true,"showFlares":true,"showImageEffects":true,"showParticleSystems":true,"showVisualEffectGraphs":true,"m_FxEnabled":true},"in2DMode":false,"pivot":{"x":252.02508544921876,"y":287.69171142578127,"z":60.78147888183594},"rotation":{"x":0.5678504109382629,"y":-0.002469376428052783,"z":0.0017035836353898049,"w":0.8231215476989746},"size":399.13104248046877,"orthographic":true}